﻿<?xml version="1.0" encoding="utf-8"?>
<ArrayOfInCnl xmlns:xsi="http://www.w3.org/2001/XMLSchema-instance" xmlns:xsd="http://www.w3.org/2001/XMLSchema">
  <InCnl>
    <CnlNum>101</CnlNum>
    <Active>true</Active>
    <Name>Simulator - Sine</Name>
    <CnlTypeID>2</CnlTypeID>
    <ObjNum>1</ObjNum>
    <KPNum>1</KPNum>
    <Signal>1</Signal>
    <FormulaUsed>false</FormulaUsed>
    <Formula />
    <Averaging>false</Averaging>
    <ParamID xsi:nil="true" />
    <FormatID>3</FormatID>
    <UnitID xsi:nil="true" />
    <CtrlCnlNum xsi:nil="true" />
    <EvEnabled>false</EvEnabled>
    <EvSound>false</EvSound>
    <EvOnChange>false</EvOnChange>
    <EvOnUndef>false</EvOnUndef>
    <LimLowCrash xsi:nil="true" />
    <LimLow xsi:nil="true" />
    <LimHigh xsi:nil="true" />
    <LimHighCrash xsi:nil="true" />
  </InCnl>
  <InCnl>
    <CnlNum>102</CnlNum>
    <Active>true</Active>
    <Name>Simulator - Square</Name>
    <CnlTypeID>1</CnlTypeID>
    <ObjNum>1</ObjNum>
    <KPNum>1</KPNum>
    <Signal>2</Signal>
    <FormulaUsed>false</FormulaUsed>
    <Formula />
    <Averaging>false</Averaging>
    <ParamID xsi:nil="true" />
    <FormatID>10</FormatID>
    <UnitID>16</UnitID>
    <CtrlCnlNum xsi:nil="true" />
    <EvEnabled>false</EvEnabled>
    <EvSound>false</EvSound>
    <EvOnChange>false</EvOnChange>
    <EvOnUndef>false</EvOnUndef>
    <LimLowCrash xsi:nil="true" />
    <LimLow xsi:nil="true" />
    <LimHigh xsi:nil="true" />
    <LimHighCrash xsi:nil="true" />
  </InCnl>
  <InCnl>
    <CnlNum>103</CnlNum>
    <Active>true</Active>
    <Name>Simulator - Triangle</Name>
    <CnlTypeID>2</CnlTypeID>
    <ObjNum>1</ObjNum>
    <KPNum>1</KPNum>
    <Signal>3</Signal>
    <FormulaUsed>false</FormulaUsed>
    <Formula />
    <Averaging>false</Averaging>
    <ParamID xsi:nil="true" />
    <FormatID>3</FormatID>
    <UnitID xsi:nil="true" />
    <CtrlCnlNum xsi:nil="true" />
    <EvEnabled>false</EvEnabled>
    <EvSound>false</EvSound>
    <EvOnChange>false</EvOnChange>
    <EvOnUndef>false</EvOnUndef>
    <LimLowCrash xsi:nil="true" />
    <LimLow xsi:nil="true" />
    <LimHigh xsi:nil="true" />
    <LimHighCrash xsi:nil="true" />
  </InCnl>
  <InCnl>
    <CnlNum>104</CnlNum>
    <Active>true</Active>
    <Name>Simulator - Relay State</Name>
    <CnlTypeID>1</CnlTypeID>
    <ObjNum>1</ObjNum>
    <KPNum>1</KPNum>
    <Signal>4</Signal>
    <FormulaUsed>false</FormulaUsed>
    <Formula />
    <Averaging>false</Averaging>
    <ParamID xsi:nil="true" />
    <FormatID>10</FormatID>
    <UnitID>16</UnitID>
    <CtrlCnlNum>101</CtrlCnlNum>
    <EvEnabled>false</EvEnabled>
    <EvSound>false</EvSound>
    <EvOnChange>false</EvOnChange>
    <EvOnUndef>false</EvOnUndef>
    <LimLowCrash xsi:nil="true" />
    <LimLow xsi:nil="true" />
    <LimHigh xsi:nil="true" />
    <LimHighCrash xsi:nil="true" />
  </InCnl>
  <InCnl>
    <CnlNum>105</CnlNum>
    <Active>true</Active>
    <Name>Simulator - Analog Output</Name>
    <CnlTypeID>2</CnlTypeID>
    <ObjNum>1</ObjNum>
    <KPNum>1</KPNum>
    <Signal>5</Signal>
    <FormulaUsed>false</FormulaUsed>
    <Formula />
    <Averaging>false</Averaging>
    <ParamID xsi:nil="true" />
    <FormatID>3</FormatID>
    <UnitID xsi:nil="true" />
    <CtrlCnlNum>102</CtrlCnlNum>
    <EvEnabled>false</EvEnabled>
    <EvSound>false</EvSound>
    <EvOnChange>false</EvOnChange>
    <EvOnUndef>false</EvOnUndef>
    <LimLowCrash xsi:nil="true" />
    <LimLow xsi:nil="true" />
    <LimHigh xsi:nil="true" />
    <LimHighCrash xsi:nil="true" />
  </InCnl>
</ArrayOfInCnl>