﻿<?xml version="1.0" encoding="utf-8"?>
<ArrayOfInterface xmlns:xsi="http://www.w3.org/2001/XMLSchema-instance" xmlns:xsd="http://www.w3.org/2001/XMLSchema">
  <Interface>
    <ItfID>1</ItfID>
    <Name>HelloWorld\</Name>
    <Descr>Hello World</Descr>
    <Hidden>false</Hidden>
    <ObjNum xsi:nil="true" />
  </Interface>
  <Interface>
    <ItfID>2</ItfID>
    <Name>HelloWorld\Simulator.tbl</Name>
    <Descr>Simulator</Descr>
    <Hidden>false</Hidden>
    <ObjNum xsi:nil="true" />
  </Interface>
</ArrayOfInterface>